<?xml version="1.0" encoding="utf-8" standalone="yes"?>
<language alias="en" intName="English (UK)" localName="English (UK)" lcid="" culture="en-GB">
  <area alias="scp">
    <key alias="cancelText">Cancel</key>
    <key alias="chooseText">Choose</key>
    <key alias="clearText">Clear Color Selection</key>
    <key alias="noColorSelectedText">No Color Selected</key>
    <key alias="togglePaletteMoreText">More</key>
    <key alias="togglePaletteLessText">Less</key>
  </area>
</language>